{
    "component_name": "Transform",
    "transform": {
        "ptr_wrapper": {
            "valid": 1,
            "data": {
                "position": {
                    "x": -10.0,
                    "y": 10.0,
                    "z": -500.0
                },
                "prev_pos": {
                    "x": -10.0,
                    "y": 10.0,
                    "z": -500.0
                },
                "scale": {
                    "x": 0.30000001192092898,
                    "y": 0.30000001192092898,
                    "z": 0.30000001192092898
                },
                "angle": {
                    "x": 0.0,
                    "y": 180.0,
                    "z": 0.0
                },
                "prev_angle": {
                    "x": 0.0,
                    "y": 180.0,
                    "z": 0.0
                },
                "world_f4x4": {
                    "_11": -0.299999862909317,
                    "_12": 0.0,
                    "_13": 7.152556946721234e-8,
                    "_14": 0.0,
                    "_21": 0.0,
                    "_22": 0.30000001192092898,
                    "_23": 0.0,
                    "_24": 0.0,
                    "_31": -7.152556946721234e-8,
                    "_32": 0.0,
                    "_33": -0.299999862909317,
                    "_34": 0.0,
                    "_41": -10.0,
                    "_42": 10.0,
                    "_43": -500.0,
                    "_44": 1.0
                },
                "scaling_matrix": {
                    "_11": 0.30000001192092898,
                    "_12": 0.0,
                    "_13": 0.0,
                    "_14": 0.0,
                    "_21": 0.0,
                    "_22": 0.30000001192092898,
                    "_23": 0.0,
                    "_24": 0.0,
                    "_31": 0.0,
                    "_32": 0.0,
                    "_33": 0.30000001192092898,
                    "_34": 0.0,
                    "_41": 0.0,
                    "_42": 0.0,
                    "_43": 0.0,
                    "_44": 1.0
                },
                "rotation_matrix": {
                    "_11": -0.9999995231628418,
                    "_12": 0.0,
                    "_13": 2.3841855067985308e-7,
                    "_14": 0.0,
                    "_21": 0.0,
                    "_22": 1.0,
                    "_23": -0.0,
                    "_24": 0.0,
                    "_31": -2.3841855067985308e-7,
                    "_32": 0.0,
                    "_33": -0.9999995231628418,
                    "_34": 0.0,
                    "_41": 0.0,
                    "_42": 0.0,
                    "_43": 0.0,
                    "_44": 1.0
                },
                "translation_matrix": {
                    "_11": 1.0,
                    "_12": 0.0,
                    "_13": 0.0,
                    "_14": 0.0,
                    "_21": 0.0,
                    "_22": 1.0,
                    "_23": 0.0,
                    "_24": 0.0,
                    "_31": 0.0,
                    "_32": 0.0,
                    "_33": 1.0,
                    "_34": 0.0,
                    "_41": -10.0,
                    "_42": 10.0,
                    "_43": -500.0,
                    "_44": 1.0
                },
                "model_right": {
                    "x": -0.9999995231628418,
                    "y": 0.0,
                    "z": 2.3841855067985308e-7
                },
                "model_front": {
                    "x": -2.3841855067985308e-7,
                    "y": 0.0,
                    "z": -0.9999995231628418
                },
                "model_up": {
                    "x": 0.0,
                    "y": 1.0,
                    "z": -0.0
                },
                "orientation": {
                    "_11": 1.0,
                    "_12": 0.0,
                    "_13": 0.0,
                    "_14": 0.0,
                    "_21": 0.0,
                    "_22": 1.0,
                    "_23": 0.0,
                    "_24": 0.0,
                    "_31": 0.0,
                    "_32": 0.0,
                    "_33": 1.0,
                    "_34": 0.0,
                    "_41": 0.0,
                    "_42": 0.0,
                    "_43": 0.0,
                    "_44": 1.0
                },
                "axis": {
                    "x": 0.0,
                    "y": 1.0,
                    "z": 0.0
                },
                "local_quaternion": {
                    "x": 0.0,
                    "y": 0.0,
                    "z": 0.0,
                    "w": 1.0
                },
                "world_quaternion": {
                    "x": 0.0,
                    "y": 0.0,
                    "z": 0.0,
                    "w": 1.0
                },
                "set_angle_bit_flg": {
                    "type": 0,
                    "data": 2
                },
                "is_billboard": false,
                "is_quaternion": false
            }
        }
    }
}