{
    "component_name": "Transform",
    "transform": {
        "ptr_wrapper": {
            "valid": 1,
            "data": {
                "position": {
                    "x": 0.0,
                    "y": 5.0,
                    "z": 0.0
                },
                "prev_pos": {
                    "x": 0.0,
                    "y": 5.0,
                    "z": 0.0
                },
                "scale": {
                    "x": 0.009999999776482582,
                    "y": 0.009999999776482582,
                    "z": 0.009999999776482582
                },
                "angle": {
                    "x": 0.0,
                    "y": 0.0,
                    "z": 0.0
                },
                "prev_angle": {
                    "x": 0.0,
                    "y": 0.0,
                    "z": 0.0
                },
                "world_f4x4": {
                    "_11": 0.009999999776482582,
                    "_12": 0.0,
                    "_13": 0.0,
                    "_14": 0.0,
                    "_21": 0.0,
                    "_22": 0.009999999776482582,
                    "_23": 0.0,
                    "_24": 0.0,
                    "_31": 0.0,
                    "_32": 0.0,
                    "_33": 0.009999999776482582,
                    "_34": 0.0,
                    "_41": 0.0,
                    "_42": 5.0,
                    "_43": 0.0,
                    "_44": 1.0
                },
                "scaling_matrix": {
                    "_11": 0.009999999776482582,
                    "_12": 0.0,
                    "_13": 0.0,
                    "_14": 0.0,
                    "_21": 0.0,
                    "_22": 0.009999999776482582,
                    "_23": 0.0,
                    "_24": 0.0,
                    "_31": 0.0,
                    "_32": 0.0,
                    "_33": 0.009999999776482582,
                    "_34": 0.0,
                    "_41": 0.0,
                    "_42": 0.0,
                    "_43": 0.0,
                    "_44": 1.0
                },
                "rotation_matrix": {
                    "_11": 1.0,
                    "_12": 0.0,
                    "_13": 0.0,
                    "_14": 0.0,
                    "_21": 0.0,
                    "_22": 1.0,
                    "_23": 0.0,
                    "_24": 0.0,
                    "_31": 0.0,
                    "_32": 0.0,
                    "_33": 1.0,
                    "_34": 0.0,
                    "_41": 0.0,
                    "_42": 0.0,
                    "_43": 0.0,
                    "_44": 1.0
                },
                "translation_matrix": {
                    "_11": 1.0,
                    "_12": 0.0,
                    "_13": 0.0,
                    "_14": 0.0,
                    "_21": 0.0,
                    "_22": 1.0,
                    "_23": 0.0,
                    "_24": 0.0,
                    "_31": 0.0,
                    "_32": 0.0,
                    "_33": 1.0,
                    "_34": 0.0,
                    "_41": 0.0,
                    "_42": 5.0,
                    "_43": 0.0,
                    "_44": 1.0
                },
                "model_right": {
                    "x": 1.0,
                    "y": 0.0,
                    "z": 0.0
                },
                "model_front": {
                    "x": 0.0,
                    "y": 0.0,
                    "z": 1.0
                },
                "model_up": {
                    "x": 0.0,
                    "y": 1.0,
                    "z": 0.0
                },
                "orientation": {
                    "_11": 1.0,
                    "_12": 0.0,
                    "_13": 0.0,
                    "_14": 0.0,
                    "_21": 0.0,
                    "_22": 1.0,
                    "_23": 0.0,
                    "_24": 0.0,
                    "_31": 0.0,
                    "_32": 0.0,
                    "_33": 1.0,
                    "_34": 0.0,
                    "_41": 0.0,
                    "_42": 0.0,
                    "_43": 0.0,
                    "_44": 1.0
                },
                "axis": {
                    "x": 0.0,
                    "y": 1.0,
                    "z": 0.0
                },
                "local_quaternion": {
                    "x": 0.0,
                    "y": 0.0,
                    "z": 0.0,
                    "w": 1.0
                },
                "world_quaternion": {
                    "x": 0.0,
                    "y": 0.0,
                    "z": 0.0,
                    "w": 1.0
                },
                "set_angle_bit_flg": {
                    "type": 0,
                    "data": 0
                },
                "is_billboard": false,
                "is_quaternion": false
            }
        }
    }
}